{
    "id": "29987d94-2f24-46ce-b48a-292df0d6efcb",
    "name": "PM-Product_Inventoryv4.0.0",
    "description": "**TMF API Reference : TMF 637 - Product Inventory Management**\n\nRelease : 19.0 - June 2019\n\nThe Product Inventory Management API provides standardized mechanism for product inventory management such as creation, update and retrieval of the representation of a product in the inventory. It also allows the notification of events related to product lifecycle\n\n**Product resource**\nA product offering procured by a customer or other interested party playing a party role. A product is realized as one or more service(s) and / or resource(s).\n\nProduct Inventory API performs the following operations on product :\n- Retrieval of a product or a collection of products depending on filter criteria\n- Partial update of a product (including updating rules and for administration purpose)\n- Creation of a product (including default values and creation rules and for administration purpose)\n- Deletion of a product (for administration purposes)\n- Notification of events on product.\n\nCopyright \u00a9 TM Forum 2019. All Rights Reserved\n\n\n",
    "order": [],
    "folders": [
        {
            "id": "01625b65-8632-4b39-9450-ddfadad80e1e",
            "name": "product",
            "description": "Folder for product",
            "order": [
                "7bbcb885-467a-4d01-b5f5-f1e85839d7ea",
                "38aa1a3c-5021-4af0-b52a-048abcf04947",
                "d0876c3a-d198-41b6-ba49-caf8c0e76524",
                "487b386e-28ae-4d54-acbc-009a449bd4fa",
                "38e1a6d3-359a-4cf4-ba5b-11b686f7c3dd"
            ],
            "collection_name": "Product Inventory",
            "collection_id": "29987d94-2f24-46ce-b48a-292df0d6efcb",
            "collection": "29987d94-2f24-46ce-b48a-292df0d6efcb"
        },
        {
            "id": "de2ab829-5cb2-45b8-99f2-3e0ce44507db",
            "name": "hub",
            "description": "Folder for hub",
            "order": [
                "4f820758-2244-4dd1-8e3b-40c02588d7bd",
                "574e561d-bf80-4fa1-9003-2560f2374a94"
            ],
            "collection_name": "Product Inventory",
            "collection_id": "29987d94-2f24-46ce-b48a-292df0d6efcb",
            "collection": "29987d94-2f24-46ce-b48a-292df0d6efcb"
        },
        {
            "id": "bfc2d2fa-a706-44ad-a957-cd2d568493a3",
            "name": "listener",
            "description": "Folder for listener",
            "order": [
                "dd0cd3f2-e5f4-4fae-9950-3d6fcada5f15",
                "646383f7-756e-4284-bc9a-d7b0fab9061d",
                "a2f13d5e-63ad-49cc-b29a-e6ae123763dc",
                "cb91b35c-d86a-4b32-a929-2d550a0023a9",
                "e1860793-8791-4820-9bd2-05d9120c2aad"
            ],
            "collection_name": "Product Inventory",
            "collection_id": "29987d94-2f24-46ce-b48a-292df0d6efcb",
            "collection": "29987d94-2f24-46ce-b48a-292df0d6efcb"
        }
    ],
    "timestamp": 1413302258635,
    "synced": false,
    "requests": [
        {
            "id": "7bbcb885-467a-4d01-b5f5-f1e85839d7ea",
            "headers": "Accept: application/json;charset=utf-8\nContent-Type: application/json;charset=utf-8\n",
            "url": "{{Product_Inventory_API}}/tmf-api/productInventory/v4/product?fields={{fields}}&offset={{offset}}&limit={{limit}}",
            "pathVariables": {},
            "preRequestScript": "",
            "method": "GET",
            "data": [],
            "rawModeData": "",
            "dataMode": "params",
            "description": "This operation list or find Product entities",
            "descriptionFormat": "html",
            "time": 1564573987715,
            "version": 2,
            "responses": [],
            "tests": "",
            "collectionId": "29987d94-2f24-46ce-b48a-292df0d6efcb",
            "synced": false,
            "name": "List or find Product objects",
            "events": [
                {
                    "listen": "test",
                    "script": {
                        "exec": [
                            "pm.test(\"Status code is 200\", function () {",
                            "    pm.response.to.have.status(200);",
                            "});"
                        ],
                        "type": "text/javascript"
                    }
                }
            ]
        },
        {
            "id": "38aa1a3c-5021-4af0-b52a-048abcf04947",
            "headers": "Accept: application/json;charset=utf-8\nContent-Type: application/json;charset=utf-8\n",
            "url": "{{Product_Inventory_API}}/tmf-api/productInventory/v4/product",
            "pathVariables": {},
            "preRequestScript": "",
            "method": "POST",
            "data": [],
            "rawModeData": "[\n  {\n    \"description\": \"product description\",\n    \"isBundle\": false,\n    \"name\": \"Voice Over IP Basic instance for Jean\",\n    \"@baseType\": \"Product\",\n    \"@type\": \"Product\",\n    \"@schemaLocation\": \"https:://host:port/standardProduct.json\",\n    \"productOffering\": {\n      \"id\": \"PO-101-1\",\n      \"name\": \"Voice Over IP Basic\",\n      \"@referredType\": \"ProductOffering\"\n    },\n    \"productCharacteristic\": [\n      {\n        \"name\": \"Number\",\n        \"valueType\": \"string\",\n        \"value\": \"415 279 7439\"\n      }\n    ],\n    \"relatedParty\": [\n      {\n        \"id\": \"45hj-8888\",\n        \"name\": \"Jean\",\n        \"role\": \"User\",\n        \"@referredType\": \"Individual\"\n      }\n    ],\n    \"productSpecification\": {\n      \"id\": \"PS-101\",\n      \"@referredType\": \"ProductSpecification\",\n      \"version\": \"1\"\n    }\n  }\n]\n",
            "dataMode": "raw",
            "description": "This operation creates a Product entity.",
            "descriptionFormat": "html",
            "time": 1564573987715,
            "version": 2,
            "responses": [],
            "tests": "",
            "collectionId": "29987d94-2f24-46ce-b48a-292df0d6efcb",
            "synced": false,
            "name": "Creates a Product",
            "events": [
                {
                    "listen": "test",
                    "script": {
                        "exec": [
                            "pm.test(\"Status code is 201\", function () {",
                            "    pm.response.to.have.status(201);",
                            "});"
                        ],
                        "type": "text/javascript"
                    }
                }
            ]
        },
        {
            "id": "d0876c3a-d198-41b6-ba49-caf8c0e76524",
            "headers": "Accept: application/json;charset=utf-8\nContent-Type: application/json;charset=utf-8\n",
            "url": "{{Product_Inventory_API}}/tmf-api/productInventory/v4/product/:id?fields={{fields}}",
            "pathVariables": {
                "id": "{{id}}"
            },
            "preRequestScript": "",
            "method": "GET",
            "data": [],
            "rawModeData": "",
            "dataMode": "params",
            "description": "This operation retrieves a Product entity. Attribute selection is enabled for all first level attributes.",
            "descriptionFormat": "html",
            "time": 1564573987715,
            "version": 2,
            "responses": [],
            "tests": "",
            "collectionId": "29987d94-2f24-46ce-b48a-292df0d6efcb",
            "synced": false,
            "name": "Retrieves a Product by ID",
            "events": [
                {
                    "listen": "test",
                    "script": {
                        "exec": [
                            "pm.test(\"Status code is 200\", function () {",
                            "    pm.response.to.have.status(200);",
                            "});"
                        ],
                        "type": "text/javascript"
                    }
                }
            ]
        },
        {
            "id": "487b386e-28ae-4d54-acbc-009a449bd4fa",
            "headers": "Accept: application/json;charset=utf-8\nContent-Type: application/json;charset=utf-8\n",
            "url": "{{Product_Inventory_API}}/tmf-api/productInventory/v4/product/:id",
            "pathVariables": {
                "id": "{{id}}"
            },
            "preRequestScript": "",
            "method": "PATCH",
            "data": [],
            "rawModeData": "",
            "dataMode": "raw",
            "description": "This operation updates partially a Product entity.",
            "descriptionFormat": "html",
            "time": 1564573987715,
            "version": 2,
            "responses": [],
            "tests": "",
            "collectionId": "29987d94-2f24-46ce-b48a-292df0d6efcb",
            "synced": false,
            "name": "Updates partially a Product"
        },
        {
            "id": "38e1a6d3-359a-4cf4-ba5b-11b686f7c3dd",
            "headers": "Accept: application/json;charset=utf-8\nContent-Type: application/json;charset=utf-8\n",
            "url": "{{Product_Inventory_API}}/tmf-api/productInventory/v4/product/:id",
            "pathVariables": {
                "id": "{{id}}"
            },
            "preRequestScript": "",
            "method": "DELETE",
            "data": [],
            "rawModeData": "",
            "dataMode": "params",
            "description": "This operation deletes a Product entity.",
            "descriptionFormat": "html",
            "time": 1564573987715,
            "version": 2,
            "responses": [],
            "tests": "",
            "collectionId": "29987d94-2f24-46ce-b48a-292df0d6efcb",
            "synced": false,
            "name": "Deletes a Product"
        },
        {
            "id": "4f820758-2244-4dd1-8e3b-40c02588d7bd",
            "headers": "Accept: application/json;charset=utf-8\nContent-Type: application/json;charset=utf-8\n",
            "url": "{{Product_Inventory_API}}/tmf-api/productInventory/v4/hub",
            "pathVariables": {},
            "preRequestScript": "",
            "method": "POST",
            "data": [],
            "rawModeData": "",
            "dataMode": "raw",
            "description": "Sets the communication endpoint address the service instance must use to deliver information about its health state, execution state, failures and metrics.",
            "descriptionFormat": "html",
            "time": 1564573987715,
            "version": 2,
            "responses": [],
            "tests": "",
            "collectionId": "29987d94-2f24-46ce-b48a-292df0d6efcb",
            "synced": false,
            "name": "Register a listener",
            "events": [
                {
                    "listen": "test",
                    "script": {
                        "exec": [
                            "pm.test(\"Status code is 201\", function () {",
                            "    pm.response.to.have.status(201);",
                            "});"
                        ],
                        "type": "text/javascript"
                    }
                }
            ]
        },
        {
            "id": "574e561d-bf80-4fa1-9003-2560f2374a94",
            "headers": "Accept: application/json;charset=utf-8\nContent-Type: application/json;charset=utf-8\n",
            "url": "{{Product_Inventory_API}}/tmf-api/productInventory/v4/hub/:id",
            "pathVariables": {
                "id": "{{id}}"
            },
            "preRequestScript": "",
            "method": "DELETE",
            "data": [],
            "rawModeData": "",
            "dataMode": "params",
            "description": "Resets the communication endpoint address the service instance must use to deliver information about its health state, execution state, failures and metrics.",
            "descriptionFormat": "html",
            "time": 1564573987715,
            "version": 2,
            "responses": [],
            "tests": "",
            "collectionId": "29987d94-2f24-46ce-b48a-292df0d6efcb",
            "synced": false,
            "name": "Unregister a listener"
        },
        {
            "id": "dd0cd3f2-e5f4-4fae-9950-3d6fcada5f15",
            "headers": "Accept: application/json;charset=utf-8\nContent-Type: application/json;charset=utf-8\n",
            "url": "{{Product_Inventory_API}}/tmf-api/productInventory/v4/listener/productCreateEvent",
            "pathVariables": {},
            "preRequestScript": "",
            "method": "POST",
            "data": [],
            "rawModeData": "",
            "dataMode": "raw",
            "description": "Example of a client listener for receiving the notification ProductCreateEvent",
            "descriptionFormat": "html",
            "time": 1564573987715,
            "version": 2,
            "responses": [],
            "tests": "",
            "collectionId": "29987d94-2f24-46ce-b48a-292df0d6efcb",
            "synced": false,
            "name": "Client listener for entity ProductCreateEvent",
            "events": [
                {
                    "listen": "test",
                    "script": {
                        "exec": [
                            "pm.test(\"Status code is 201\", function () {",
                            "    pm.response.to.have.status(201);",
                            "});"
                        ],
                        "type": "text/javascript"
                    }
                }
            ]
        },
        {
            "id": "646383f7-756e-4284-bc9a-d7b0fab9061d",
            "headers": "Accept: application/json;charset=utf-8\nContent-Type: application/json;charset=utf-8\n",
            "url": "{{Product_Inventory_API}}/tmf-api/productInventory/v4/listener/productAttributeValueChangeEvent",
            "pathVariables": {},
            "preRequestScript": "",
            "method": "POST",
            "data": [],
            "rawModeData": "",
            "dataMode": "raw",
            "description": "Example of a client listener for receiving the notification ProductAttributeValueChangeEvent",
            "descriptionFormat": "html",
            "time": 1564573987715,
            "version": 2,
            "responses": [],
            "tests": "",
            "collectionId": "29987d94-2f24-46ce-b48a-292df0d6efcb",
            "synced": false,
            "name": "Client listener for entity ProductAttributeValueChangeEvent",
            "events": [
                {
                    "listen": "test",
                    "script": {
                        "exec": [
                            "pm.test(\"Status code is 201\", function () {",
                            "    pm.response.to.have.status(201);",
                            "});"
                        ],
                        "type": "text/javascript"
                    }
                }
            ]
        },
        {
            "id": "a2f13d5e-63ad-49cc-b29a-e6ae123763dc",
            "headers": "Accept: application/json;charset=utf-8\nContent-Type: application/json;charset=utf-8\n",
            "url": "{{Product_Inventory_API}}/tmf-api/productInventory/v4/listener/productStateChangeEvent",
            "pathVariables": {},
            "preRequestScript": "",
            "method": "POST",
            "data": [],
            "rawModeData": "",
            "dataMode": "raw",
            "description": "Example of a client listener for receiving the notification ProductStateChangeEvent",
            "descriptionFormat": "html",
            "time": 1564573987715,
            "version": 2,
            "responses": [],
            "tests": "",
            "collectionId": "29987d94-2f24-46ce-b48a-292df0d6efcb",
            "synced": false,
            "name": "Client listener for entity ProductStateChangeEvent",
            "events": [
                {
                    "listen": "test",
                    "script": {
                        "exec": [
                            "pm.test(\"Status code is 201\", function () {",
                            "    pm.response.to.have.status(201);",
                            "});"
                        ],
                        "type": "text/javascript"
                    }
                }
            ]
        },
        {
            "id": "cb91b35c-d86a-4b32-a929-2d550a0023a9",
            "headers": "Accept: application/json;charset=utf-8\nContent-Type: application/json;charset=utf-8\n",
            "url": "{{Product_Inventory_API}}/tmf-api/productInventory/v4/listener/productBatchEvent",
            "pathVariables": {},
            "preRequestScript": "",
            "method": "POST",
            "data": [],
            "rawModeData": "",
            "dataMode": "raw",
            "description": "Example of a client listener for receiving the notification ProductBatchEvent",
            "descriptionFormat": "html",
            "time": 1564573987715,
            "version": 2,
            "responses": [],
            "tests": "",
            "collectionId": "29987d94-2f24-46ce-b48a-292df0d6efcb",
            "synced": false,
            "name": "Client listener for entity ProductBatchEvent",
            "events": [
                {
                    "listen": "test",
                    "script": {
                        "exec": [
                            "pm.test(\"Status code is 201\", function () {",
                            "    pm.response.to.have.status(201);",
                            "});"
                        ],
                        "type": "text/javascript"
                    }
                }
            ]
        },
        {
            "id": "e1860793-8791-4820-9bd2-05d9120c2aad",
            "headers": "Accept: application/json;charset=utf-8\nContent-Type: application/json;charset=utf-8\n",
            "url": "{{Product_Inventory_API}}/tmf-api/productInventory/v4/listener/productDeleteEvent",
            "pathVariables": {},
            "preRequestScript": "",
            "method": "POST",
            "data": [],
            "rawModeData": "",
            "dataMode": "raw",
            "description": "Example of a client listener for receiving the notification ProductDeleteEvent",
            "descriptionFormat": "html",
            "time": 1564573987715,
            "version": 2,
            "responses": [],
            "tests": "",
            "collectionId": "29987d94-2f24-46ce-b48a-292df0d6efcb",
            "synced": false,
            "name": "Client listener for entity ProductDeleteEvent",
            "events": [
                {
                    "listen": "test",
                    "script": {
                        "exec": [
                            "pm.test(\"Status code is 201\", function () {",
                            "    pm.response.to.have.status(201);",
                            "});"
                        ],
                        "type": "text/javascript"
                    }
                }
            ]
        }
    ]
}